{
  "train_loss": [
    4.158961236476898,
    2.702099084854126,
    2.0384135842323303,
    1.4079355001449585,
    1.053154617547989,
    0.8825149387121201,
    0.7216676324605942,
    0.5969329103827477,
    0.5278215929865837,
    0.5332856699824333,
    0.5230619162321091,
    0.5262594521045685,
    0.4529435411095619,
    0.46387147158384323,
    0.38440414518117905,
    0.41391313076019287,
    0.40614379197359085,
    0.43600302189588547,
    0.4320143163204193,
    0.42495959997177124
  ],
  "val_loss": [
    2.852820634841919,
    1.7093713283538818,
    1.2459834218025208,
    1.0218976438045502,
    0.7307444363832474,
    0.6167577505111694,
    0.5333439409732819,
    0.4676574096083641,
    0.43969958275556564,
    0.4172092229127884,
    0.38899364322423935,
    0.3907679542899132,
    0.37614189833402634,
    0.3703943267464638,
    0.3463722839951515,
    0.34095708280801773,
    0.33936048299074173,
    0.394132636487484,
    0.34804537892341614,
    0.32919491827487946
  ],
  "learning_rate": [
    0.0001,
    0.0001,
    0.0001,
    0.0001,
    0.0001,
    0.0001,
    0.0001,
    0.0001,
    0.0001,
    0.0001,
    0.0001,
    0.0001,
    0.0001,
    0.0001,
    0.0001,
    0.0001,
    0.0001,
    0.0001,
    0.0001,
    0.0001
  ]
}