{
  "train_loss": [
    3.734472930431366,
    3.392222225666046,
    3.0767423510551453,
    2.8427387475967407,
    2.6158223748207092,
    2.4286022186279297,
    2.1894313395023346,
    2.0402224957942963,
    1.8755005896091461,
    1.709356278181076,
    1.552950769662857,
    1.431931734085083,
    1.2263000309467316,
    1.161148339509964,
    1.0318256169557571,
    0.9536831974983215,
    0.8591086268424988,
    0.7589572817087173,
    0.7264063507318497,
    0.690762534737587
  ],
  "val_loss": [
    3.4765384197235107,
    3.1565053462982178,
    2.8755013942718506,
    2.660105347633362,
    2.4770793318748474,
    2.266964375972748,
    2.087248057126999,
    1.8925761282444,
    1.7131664156913757,
    1.548566073179245,
    1.405918151140213,
    1.2603497207164764,
    1.1357974112033844,
    1.0305880159139633,
    0.9401632398366928,
    0.8556616306304932,
    0.7813979983329773,
    0.7224413454532623,
    0.6744981855154037,
    0.6277224123477936
  ],
  "learning_rate": [
    0.0003,
    0.0003,
    0.0003,
    0.0003,
    0.0003,
    0.0003,
    0.0003,
    0.0003,
    0.0003,
    0.0003,
    0.0003,
    0.0003,
    0.0003,
    0.0003,
    0.0003,
    0.0003,
    0.0003,
    0.0003,
    0.0003,
    0.0003
  ]
}